NAMOA;htc-cmp513;BAY.gr;321270;794830;40024;20419;23589;23589;6;0.0066;0.03;184
NAMOA;htc-cmp513;BAY.gr;321270;794830;159934;141029;49764;49764;11;0.0167;0.07;858
NAMOA;htc-cmp513;BAY.gr;321270;794830;153504;138526;437854;437854;45;0.3241;0.14;1508
NAMOA;htc-cmp513;BAY.gr;321270;794830;32927;30737;41635;41635;14;0.0110;0.04;224
NAMOA;htc-cmp513;BAY.gr;321270;794830;37473;26003;44552;44552;6;0.0148;0.05;522
NAMOA;htc-cmp513;BAY.gr;321270;794830;19083;9334;1143043;1143043;114;0.9755;0.89;3819
NAMOA;htc-cmp513;BAY.gr;321270;794830;279292;60565;1551200;1551200;60;1.3248;0.77;3846
NAMOA;htc-cmp513;BAY.gr;321270;794830;24352;5232;3039378;3039378;86;2.9377;1.43;4105
NAMOA;htc-cmp513;BAY.gr;321270;794830;1908;1098;1556658;1556658;63;1.1664;0.41;3187
NAMOA;htc-cmp513;BAY.gr;321270;794830;282548;101294;4368461;4368461;113;4.3116;1.05;4026
NAMOA;htc-cmp513;BAY.gr;321270;794830;199782;166480;880206;880206;183;0.8460;0.94;2040
NAMOA;htc-cmp513;BAY.gr;321270;794830;315346;129863;3093195;3093195;208;7.1361;1.82;4180
NAMOA;htc-cmp513;BAY.gr;321270;794830;66261;4940;4769685;4769685;326;10.3006;3.28;7091
NAMOA;htc-cmp513;BAY.gr;321270;794830;249323;212817;3041904;3041904;288;8.2020;2.95;3903
NAMOA;htc-cmp513;BAY.gr;321270;794830;92808;72374;4307585;4307585;329;9.9469;3.14;3049
NAMOA;htc-cmp513;BAY.gr;321270;794830;139741;124573;4463627;4463627;1254;11.8699;3.08;4213
NAMOA;htc-cmp513;BAY.gr;321270;794830;66994;11621;6550220;6550220;386;18.1131;3.00;9819
NAMOA;htc-cmp513;BAY.gr;321270;794830;28739;15463;8677810;8677810;280;24.7504;3.22;11067
NAMOA;htc-cmp513;BAY.gr;321270;794830;187413;179580;2279817;2279817;506;4.4036;1.05;3393
NAMOA;htc-cmp513;BAY.gr;321270;794830;236554;11497;11971091;11971091;588;29.3260;2.40;6258
NAMOA;htc-cmp513;BAY.gr;321270;794830;185756;71369;7171855;7171855;248;30.6962;2.44;5143
NAMOA;htc-cmp513;BAY.gr;321270;794830;29793;6330;12888581;12888581;136;44.6197;5.13;13390
NAMOA;htc-cmp513;BAY.gr;321270;794830;145373;105970;14118194;14118194;337;82.7883;3.93;6868
NAMOA;htc-cmp513;BAY.gr;321270;794830;221866;191123;23262238;23262238;310;105.8996;5.04;7294
NAMOA;htc-cmp513;BAY.gr;321270;794830;214409;33175;22212482;22212482;190;119.7060;6.93;12498
NAMOA;htc-cmp513;BAY.gr;321270;794830;152915;79554;18601401;18601401;248;129.3083;6.71;9667
NAMOA;htc-cmp513;BAY.gr;321270;794830;72578;4981;4108364;4108364;861;7.9230;3.43;8719
NAMOA;htc-cmp513;BAY.gr;321270;794830;228752;67003;24726755;24726755;199;132.7332;7.30;11340
NAMOA;htc-cmp513;BAY.gr;321270;794830;74477;48020;28422713;28422713;10;180.6464;6.24;12014
NAMOA;htc-cmp513;BAY.gr;321270;794830;308261;220074;18872655;18872655;348;184.3774;8.38;12345
NAMOA;htc-cmp513;BAY.gr;321270;794830;277117;117772;30543738;30543738;1188;244.9003;9.91;15471
NAMOA;htc-cmp513;BAY.gr;321270;794830;52090;26054;29168560;29168560;604;238.5786;12.38;9710
NAMOA;htc-cmp513;BAY.gr;321270;794830;178119;57350;42201228;42201228;752;323.8849;9.86;16652
NAMOA;htc-cmp513;BAY.gr;321270;794830;92787;50479;25299651;25299651;417;327.0319;18.29;8581
NAMOA;htc-cmp513;BAY.gr;321270;794830;52214;21428;52841879;52841879;358;572.6311;25.08;20450
NAMOA;htc-cmp513;BAY.gr;321270;794830;243931;56621;71963884;71963884;664;858.6624;16.49;17383
NAMOA;htc-cmp513;BAY.gr;321270;794830;90978;72589;46479661;46479661;1502;715.4894;20.14;9455
NAMOA;htc-cmp513;BAY.gr;321270;794830;52094;25848;32746114;32746114;1343;249.7650;13.61;10385
NAMOA;htc-cmp513;BAY.gr;321270;794830;306341;242646;105625648;105625648;425;1372.2101;23.50;40082
NAMOA;htc-cmp513;BAY.gr;321270;794830;2928;2371;133567182;133567182;2120;1901.8711;28.05;19700
NAMOA;htc-cmp513;BAY.gr;321270;794830;264815;12823;135185167;135185167;1001;2154.9966;22.48;14348
NAMOA;htc-cmp513;BAY.gr;321270;794830;171399;11563;165847993;165847993;2041;2498.1259;41.19;35417
NAMOA;htc-cmp513;BAY.gr;321270;794830;167759;27652;165593836;165593836;1799;3069.8982;30.05;15979
NAMOA;htc-cmp513;BAY.gr;321270;794830;271553;120952;234519116;234519116;369;3944.7659;39.40;30342
NAMOA;htc-cmp513;BAY.gr;321270;794830;195140;6575;18728244;18728244;6076;104.4652;10.64;5551
NAMOA;htc-cmp513;BAY.gr;321270;794830;163803;28205;231631771;231631771;2624;4465.7093;34.92;18937
NAMOA;htc-cmp513;BAY.gr;321270;794830;57367;28144;95122171;95122171;1898;891.7985;21.16;17548
NAMOA;htc-cmp513;BAY.gr;321270;794830;71894;3935;21542883;21542883;1677;76.6621;6.76;11754
NAMOA;htc-cmp513;BAY.gr;321270;794830;97957;69910;248873901;248873901;591;5130.3504;53.99;24375
NAMOA;htc-cmp513;BAY.gr;321270;794830;194659;186161;251899311;251899311;6046;4974.2229;49.60;25516
NAMOA;htc-cmp513;BAY.gr;321270;794830;149113;41117;142809764;142809764;6429;3279.8847;29.70;16146
NAMOA;htc-cmp513;BAY.gr;321270;794830;208540;92248;162288337;162288337;2401;4282.9664;68.98;27820
NAMOA;htc-cmp513;BAY.gr;321270;794830;148387;48733;251284199;251284199;2754;6616.2804;79.11;42986
NAMOA;htc-cmp513;BAY.gr;321270;794830;41348;5213;58269867;58269867;2850;573.5560;12.06;15740
NAMOA;htc-cmp513;BAY.gr;321270;794830;160444;60380;217662668;217662668;4160;5715.7535;58.82;18426
NAMOA;htc-cmp513;BAY.gr;321270;794830;75806;33672;72053636;72053636;4117;690.7340;15.17;19380
NAMOA;htc-cmp513;BAY.gr;321270;794830;126719;51366;105476905;105476905;5037;1389.8752;17.82;21421
NAMOA;htc-cmp513;BAY.gr;321270;794830;249447;94767;177285392;177285392;3948;3784.9458;33.20;27341
NAMOA;htc-cmp513;BAY.gr;321270;794830;292371;64499;123392706;123392706;8769;1747.0225;42.15;21509
NAMOA;htc-cmp513;BAY.gr;321270;794830;96799;75794;190695696;190695696;3224;3147.7852;47.43;29034
NAMOA;htc-cmp514;COL.gr;435666;1042400;50111;49089;227;227;1;0.0001;0.01;30
NAMOA;htc-cmp514;COL.gr;435666;1042400;293316;177760;204306;204306;2;0.0663;0.08;496
NAMOA;htc-cmp514;COL.gr;435666;1042400;5865;5742;31346;31346;31;0.0107;0.07;482
NAMOA;htc-cmp514;COL.gr;435666;1042400;35324;28591;94046;94046;24;0.0362;0.15;1246
NAMOA;htc-cmp514;COL.gr;435666;1042400;229442;222699;96860;96860;22;0.0400;0.19;1260
NAMOA;htc-cmp514;COL.gr;435666;1042400;7095;4357;37559;37559;15;0.0129;0.10;420
NAMOA;htc-cmp514;COL.gr;435666;1042400;5376;4749;168423;168423;42;0.0650;0.26;1239
NAMOA;htc-cmp514;COL.gr;435666;1042400;295203;175028;2294088;2294088;91;2.1142;0.91;1963
NAMOA;htc-cmp514;COL.gr;435666;1042400;9658;2065;2358229;2358229;328;6.1060;2.55;5897
NAMOA;htc-cmp514;COL.gr;435666;1042400;74054;24033;7744368;7744368;458;25.8092;3.80;7686
NAMOA;htc-cmp514;COL.gr;435666;1042400;23020;14483;7661246;7661246;645;41.5258;4.69;4537
NAMOA;htc-cmp514;COL.gr;435666;1042400;154067;26786;20545805;20545805;276;83.5528;4.93;7473
NAMOA;htc-cmp514;COL.gr;435666;1042400;74303;55718;17267955;17267955;53;119.9338;8.11;12046
NAMOA;htc-cmp514;COL.gr;435666;1042400;115636;14857;25544113;25544113;512;173.7522;11.21;10998
NAMOA;htc-cmp514;COL.gr;435666;1042400;224980;61110;23921960;23921960;461;220.7621;8.33;9249
NAMOA;htc-cmp514;COL.gr;435666;1042400;328460;14760;27190000;27190000;172;232.9799;14.96;16364
NAMOA;htc-cmp514;COL.gr;435666;1042400;28905;7182;14063438;14063438;731;286.9489;16.49;8858
NAMOA;htc-cmp514;COL.gr;435666;1042400;164574;119069;37878429;37878429;331;297.4610;9.75;11799
NAMOA;htc-cmp514;COL.gr;435666;1042400;57720;26163;34125652;34125652;1221;293.7791;13.52;13560
NAMOA;htc-cmp514;COL.gr;435666;1042400;101495;62282;43421178;43421178;700;308.6900;9.50;10319
NAMOA;htc-cmp514;COL.gr;435666;1042400;60760;35471;45454782;45454782;1897;403.4202;11.74;11245
NAMOA;htc-cmp514;COL.gr;435666;1042400;212304;63475;36841178;36841178;87;549.5005;16.79;9645
NAMOA;htc-cmp514;COL.gr;435666;1042400;109057;20386;50253354;50253354;55;555.2025;11.81;8476
NAMOA;htc-cmp514;COL.gr;435666;1042400;399615;109409;63091290;63091290;539;555.2623;15.64;15359
NAMOA;htc-cmp514;COL.gr;435666;1042400;231836;6863;22774517;22774517;1900;377.4185;12.55;9696
NAMOA;htc-cmp514;COL.gr;435666;1042400;322166;245074;46864424;46864424;1345;557.8566;9.38;6680
NAMOA;htc-cmp514;COL.gr;435666;1042400;22778;12768;37819736;37819736;1817;446.5508;14.17;8414
NAMOA;htc-cmp514;COL.gr;435666;1042400;127826;59830;69374291;69374291;299;841.3686;26.26;28461
NAMOA;htc-cmp514;COL.gr;435666;1042400;371598;88619;61115183;61115183;2121;893.8339;11.80;8716
NAMOA;htc-cmp514;COL.gr;435666;1042400;159195;9804;77644295;77644295;1510;928.1482;22.44;27176
NAMOA;htc-cmp514;COL.gr;435666;1042400;184467;110561;94675108;94675108;894;1133.5804;25.04;26560
NAMOA;htc-cmp514;COL.gr;435666;1042400;231979;181403;73865111;73865111;47;1263.4705;25.10;11092
NAMOA;htc-cmp514;COL.gr;435666;1042400;310052;93518;92830535;92830535;3201;1988.0676;28.85;12729
NAMOA;htc-cmp514;COL.gr;435666;1042400;292067;40497;119754087;119754087;5369;3035.7787;19.26;8902
NAMOA;htc-cmp514;COL.gr;435666;1042400;186710;9983;158314206;158314206;3866;3097.0423;52.15;32668
NAMOA;htc-cmp514;COL.gr;435666;1042400;235867;140141;168903760;168903760;1584;4485.1969;45.22;24706
NAMOA;htc-cmp514;COL.gr;435666;1042400;182635;125046;210228358;210228358;2681;4522.5224;55.92;44683
NAMOA;htc-cmp514;COL.gr;435666;1042400;288095;110566;158768318;158768318;754;5333.1763;66.05;21020
NAMOA;htc-cmp514;COL.gr;435666;1042400;167948;80303;182042035;182042035;6875;4571.4383;49.58;18735
NAMOA;htc-cmp514;COL.gr;435666;1042400;158156;74646;319220532;319220532;2234;6567.0041;64.38;39631
Could not determine the size of the graph /home/optimi/bzfmaris/mosp_instances/tridimensional/road/FLA.xy. Abort.
Could not determine the size of the graph /home/optimi/bzfmaris/mosp_instances/tridimensional/road/FLA.xy. Abort.
Could not determine the size of the graph /home/optimi/bzfmaris/mosp_instances/tridimensional/road/FLA.xy. Abort.
Could not determine the size of the graph /home/optimi/bzfmaris/mosp_instances/tridimensional/road/FLA.xy. Abort.
Could not determine the size of the graph /home/optimi/bzfmaris/mosp_instances/tridimensional/road/FLA.xy. Abort.
Could not determine the size of the graph /home/optimi/bzfmaris/mosp_instances/tridimensional/road/FLA.xy. Abort.
Could not determine the size of the graph /home/optimi/bzfmaris/mosp_instances/tridimensional/road/FLA.xy. Abort.
Could not determine the size of the graph /home/optimi/bzfmaris/mosp_instances/tridimensional/road/FLA.xy. Abort.
Could not determine the size of the graph /home/optimi/bzfmaris/mosp_instances/tridimensional/road/FLA.xy. Abort.
Could not determine the size of the graph /home/optimi/bzfmaris/mosp_instances/tridimensional/road/FLA.xy. Abort.
Could not determine the size of the graph /home/optimi/bzfmaris/mosp_instances/tridimensional/road/FLA.xy. Abort.
Could not determine the size of the graph /home/optimi/bzfmaris/mosp_instances/tridimensional/road/FLA.xy. Abort.
Could not determine the size of the graph /home/optimi/bzfmaris/mosp_instances/tridimensional/road/FLA.xy. Abort.
Could not determine the size of the graph /home/optimi/bzfmaris/mosp_instances/tridimensional/road/FLA.xy. Abort.
Could not determine the size of the graph /home/optimi/bzfmaris/mosp_instances/tridimensional/road/FLA.xy. Abort.
Could not determine the size of the graph /home/optimi/bzfmaris/mosp_instances/tridimensional/road/FLA.xy. Abort.
Could not determine the size of the graph /home/optimi/bzfmaris/mosp_instances/tridimensional/road/FLA.xy. Abort.
Could not determine the size of the graph /home/optimi/bzfmaris/mosp_instances/tridimensional/road/FLA.xy. Abort.
Could not determine the size of the graph /home/optimi/bzfmaris/mosp_instances/tridimensional/road/FLA.xy. Abort.
Could not determine the size of the graph /home/optimi/bzfmaris/mosp_instances/tridimensional/road/FLA.xy. Abort.
Could not determine the size of the graph /home/optimi/bzfmaris/mosp_instances/tridimensional/road/FLA.xy. Abort.
Could not determine the size of the graph /home/optimi/bzfmaris/mosp_instances/tridimensional/road/FLA.xy. Abort.
Could not determine the size of the graph /home/optimi/bzfmaris/mosp_instances/tridimensional/road/FLA.xy. Abort.
Could not determine the size of the graph /home/optimi/bzfmaris/mosp_instances/tridimensional/road/FLA.xy. Abort.
Could not determine the size of the graph /home/optimi/bzfmaris/mosp_instances/tridimensional/road/FLA.xy. Abort.
Could not determine the size of the graph /home/optimi/bzfmaris/mosp_instances/tridimensional/road/FLA.xy. Abort.
Could not determine the size of the graph /home/optimi/bzfmaris/mosp_instances/tridimensional/road/FLA.xy. Abort.
Could not determine the size of the graph /home/optimi/bzfmaris/mosp_instances/tridimensional/road/FLA.xy. Abort.
Could not determine the size of the graph /home/optimi/bzfmaris/mosp_instances/tridimensional/road/FLA.xy. Abort.
Could not determine the size of the graph /home/optimi/bzfmaris/mosp_instances/tridimensional/road/FLA.xy. Abort.
Could not determine the size of the graph /home/optimi/bzfmaris/mosp_instances/tridimensional/road/FLA.xy. Abort.
Could not determine the size of the graph /home/optimi/bzfmaris/mosp_instances/tridimensional/road/FLA.xy. Abort.
Could not determine the size of the graph /home/optimi/bzfmaris/mosp_instances/tridimensional/road/FLA.xy. Abort.
Could not determine the size of the graph /home/optimi/bzfmaris/mosp_instances/tridimensional/road/FLA.xy. Abort.
Could not determine the size of the graph /home/optimi/bzfmaris/mosp_instances/tridimensional/road/FLA.xy. Abort.
Could not determine the size of the graph /home/optimi/bzfmaris/mosp_instances/tridimensional/road/FLA.xy. Abort.
Could not determine the size of the graph /home/optimi/bzfmaris/mosp_instances/tridimensional/road/FLA.xy. Abort.
Could not determine the size of the graph /home/optimi/bzfmaris/mosp_instances/tridimensional/road/FLA.xy. Abort.
Could not determine the size of the graph /home/optimi/bzfmaris/mosp_instances/tridimensional/road/FLA.xy. Abort.
Could not determine the size of the graph /home/optimi/bzfmaris/mosp_instances/tridimensional/road/FLA.xy. Abort.
Could not determine the size of the graph /home/optimi/bzfmaris/mosp_instances/tridimensional/road/FLA.xy. Abort.
Could not determine the size of the graph /home/optimi/bzfmaris/mosp_instances/tridimensional/road/FLA.xy. Abort.
Could not determine the size of the graph /home/optimi/bzfmaris/mosp_instances/tridimensional/road/FLA.xy. Abort.
Could not determine the size of the graph /home/optimi/bzfmaris/mosp_instances/tridimensional/road/FLA.xy. Abort.
Could not determine the size of the graph /home/optimi/bzfmaris/mosp_instances/tridimensional/road/FLA.xy. Abort.
Could not determine the size of the graph /home/optimi/bzfmaris/mosp_instances/tridimensional/road/FLA.xy. Abort.
Could not determine the size of the graph /home/optimi/bzfmaris/mosp_instances/tridimensional/road/FLA.xy. Abort.
Could not determine the size of the graph /home/optimi/bzfmaris/mosp_instances/tridimensional/road/FLA.xy. Abort.
Could not determine the size of the graph /home/optimi/bzfmaris/mosp_instances/tridimensional/road/FLA.xy. Abort.
Could not determine the size of the graph /home/optimi/bzfmaris/mosp_instances/tridimensional/road/FLA.xy. Abort.
Could not determine the size of the graph /home/optimi/bzfmaris/mosp_instances/tridimensional/road/FLA.xy. Abort.
Could not determine the size of the graph /home/optimi/bzfmaris/mosp_instances/tridimensional/road/FLA.xy. Abort.
Could not determine the size of the graph /home/optimi/bzfmaris/mosp_instances/tridimensional/road/FLA.xy. Abort.
Could not determine the size of the graph /home/optimi/bzfmaris/mosp_instances/tridimensional/road/FLA.xy. Abort.
Could not determine the size of the graph /home/optimi/bzfmaris/mosp_instances/tridimensional/road/FLA.xy. Abort.
Could not determine the size of the graph /home/optimi/bzfmaris/mosp_instances/tridimensional/road/FLA.xy. Abort.
Could not determine the size of the graph /home/optimi/bzfmaris/mosp_instances/tridimensional/road/FLA.xy. Abort.
Could not determine the size of the graph /home/optimi/bzfmaris/mosp_instances/tridimensional/road/FLA.xy. Abort.
Could not determine the size of the graph /home/optimi/bzfmaris/mosp_instances/tridimensional/road/FLA.xy. Abort.
Could not determine the size of the graph /home/optimi/bzfmaris/mosp_instances/tridimensional/road/FLA.xy. Abort.
Could not determine the size of the graph /home/optimi/bzfmaris/mosp_instances/tridimensional/road/FLA.xy. Abort.
Could not determine the size of the graph /home/optimi/bzfmaris/mosp_instances/tridimensional/road/FLA.xy. Abort.
Could not determine the size of the graph /home/optimi/bzfmaris/mosp_instances/tridimensional/road/FLA.xy. Abort.
Could not determine the size of the graph /home/optimi/bzfmaris/mosp_instances/tridimensional/road/FLA.xy. Abort.
Could not determine the size of the graph /home/optimi/bzfmaris/mosp_instances/tridimensional/road/FLA.xy. Abort.
Could not determine the size of the graph /home/optimi/bzfmaris/mosp_instances/tridimensional/road/FLA.xy. Abort.
Could not determine the size of the graph /home/optimi/bzfmaris/mosp_instances/tridimensional/road/FLA.xy. Abort.
Could not determine the size of the graph /home/optimi/bzfmaris/mosp_instances/tridimensional/road/FLA.xy. Abort.
Could not determine the size of the graph /home/optimi/bzfmaris/mosp_instances/tridimensional/road/FLA.xy. Abort.
Could not determine the size of the graph /home/optimi/bzfmaris/mosp_instances/tridimensional/road/FLA.xy. Abort.
Could not determine the size of the graph /home/optimi/bzfmaris/mosp_instances/tridimensional/road/FLA.xy. Abort.
Could not determine the size of the graph /home/optimi/bzfmaris/mosp_instances/tridimensional/road/FLA.xy. Abort.
Could not determine the size of the graph /home/optimi/bzfmaris/mosp_instances/tridimensional/road/FLA.xy. Abort.
Could not determine the size of the graph /home/optimi/bzfmaris/mosp_instances/tridimensional/road/FLA.xy. Abort.
Could not determine the size of the graph /home/optimi/bzfmaris/mosp_instances/tridimensional/road/FLA.xy. Abort.
Could not determine the size of the graph /home/optimi/bzfmaris/mosp_instances/tridimensional/road/FLA.xy. Abort.
Could not determine the size of the graph /home/optimi/bzfmaris/mosp_instances/tridimensional/road/FLA.xy. Abort.
Could not determine the size of the graph /home/optimi/bzfmaris/mosp_instances/tridimensional/road/FLA.xy. Abort.
Could not determine the size of the graph /home/optimi/bzfmaris/mosp_instances/tridimensional/road/FLA.xy. Abort.
Could not determine the size of the graph /home/optimi/bzfmaris/mosp_instances/tridimensional/road/FLA.xy. Abort.
Could not determine the size of the graph /home/optimi/bzfmaris/mosp_instances/tridimensional/road/FLA.xy. Abort.
Could not determine the size of the graph /home/optimi/bzfmaris/mosp_instances/tridimensional/road/FLA.xy. Abort.
Could not determine the size of the graph /home/optimi/bzfmaris/mosp_instances/tridimensional/road/FLA.xy. Abort.
Could not determine the size of the graph /home/optimi/bzfmaris/mosp_instances/tridimensional/road/FLA.xy. Abort.
Could not determine the size of the graph /home/optimi/bzfmaris/mosp_instances/tridimensional/road/FLA.xy. Abort.
Could not determine the size of the graph /home/optimi/bzfmaris/mosp_instances/tridimensional/road/FLA.xy. Abort.
Could not determine the size of the graph /home/optimi/bzfmaris/mosp_instances/tridimensional/road/FLA.xy. Abort.
Could not determine the size of the graph /home/optimi/bzfmaris/mosp_instances/tridimensional/road/FLA.xy. Abort.
Could not determine the size of the graph /home/optimi/bzfmaris/mosp_instances/tridimensional/road/FLA.xy. Abort.
Could not determine the size of the graph /home/optimi/bzfmaris/mosp_instances/tridimensional/road/FLA.xy. Abort.
Could not determine the size of the graph /home/optimi/bzfmaris/mosp_instances/tridimensional/road/FLA.xy. Abort.
Could not determine the size of the graph /home/optimi/bzfmaris/mosp_instances/tridimensional/road/FLA.xy. Abort.
Could not determine the size of the graph /home/optimi/bzfmaris/mosp_instances/tridimensional/road/FLA.xy. Abort.
Could not determine the size of the graph /home/optimi/bzfmaris/mosp_instances/tridimensional/road/FLA.xy. Abort.
Could not determine the size of the graph /home/optimi/bzfmaris/mosp_instances/tridimensional/road/FLA.xy. Abort.
Could not determine the size of the graph /home/optimi/bzfmaris/mosp_instances/tridimensional/road/FLA.xy. Abort.
Could not determine the size of the graph /home/optimi/bzfmaris/mosp_instances/tridimensional/road/FLA.xy. Abort.
Could not determine the size of the graph /home/optimi/bzfmaris/mosp_instances/tridimensional/road/FLA.xy. Abort.
Could not determine the size of the graph /home/optimi/bzfmaris/mosp_instances/tridimensional/road/FLA.xy. Abort.
Could not determine the size of the graph /home/optimi/bzfmaris/mosp_instances/tridimensional/road/FLA.xy. Abort.
NAMOA;htc-cmp522;FLA.xy;1070376;2687902;10900;3033;23967;23967;3;0.0071;0.06;284
NAMOA;htc-cmp522;FLA.xy;1070376;2687902;8571;8378;609;609;5;0.0002;0.01;30
NAMOA;htc-cmp522;FLA.xy;1070376;2687902;9897;5040;641736;641736;23;0.4379;0.45;933
NAMOA;htc-cmp522;FLA.xy;1070376;2687902;10825;3463;799943;799943;54;0.5181;0.54;1114
NAMOA;htc-cmp522;FLA.xy;1070376;2687902;605429;600349;816038;816038;201;0.8152;1.35;2078
NAMOA;htc-cmp522;FLA.xy;1070376;2687902;867091;410235;13578804;13578804;271;112.5657;7.62;9154
NAMOA;htc-cmp522;FLA.xy;1070376;2687902;857301;297248;16360335;16360335;358;138.4352;12.19;10108
NAMOA;htc-cmp522;FLA.xy;1070376;2687902;820143;513313;18867753;18867753;246;150.7244;5.87;6545
NAMOA;htc-cmp522;FLA.xy;1070376;2687902;642433;240556;42225505;42225505;3249;593.6521;15.46;12259
NAMOA;htc-cmp522;FLA.xy;1070376;2687902;50334;45576;65476766;65476766;59;955.8529;17.55;16882
NAMOA;htc-cmp522;FLA.xy;1070376;2687902;499642;23309;108229565;108229565;249;2567.9184;35.62;14356
NAMOA;htc-cmp522;FLA.xy;1070376;2687902;606459;124414;112556066;112556066;81;3150.8072;29.16;10113
NAMOA;htc-cmp522;FLA.xy;1070376;2687902;358566;312206;212440024;212440024;5353;4506.8067;44.65;28938
NAMOA;htc-cmp522;FLA.xy;1070376;2687902;695992;332169;257006228;257006228;1208;6096.6204;80.91;38097
NAMOA;htc-cmp522;FLA.xy;1070376;2687902;687643;61826;227601978;227601978;944;6220.7919;65.66;30629
Could not determine the size of the graph /home/optimi/bzfmaris/mosp_instances/tridimensional/road/LKS.xy. Abort.
Could not determine the size of the graph /home/optimi/bzfmaris/mosp_instances/tridimensional/road/LKS.xy. Abort.
Could not determine the size of the graph /home/optimi/bzfmaris/mosp_instances/tridimensional/road/LKS.xy. Abort.
Could not determine the size of the graph /home/optimi/bzfmaris/mosp_instances/tridimensional/road/LKS.xy. Abort.
Could not determine the size of the graph /home/optimi/bzfmaris/mosp_instances/tridimensional/road/LKS.xy. Abort.
Could not determine the size of the graph /home/optimi/bzfmaris/mosp_instances/tridimensional/road/LKS.xy. Abort.
Could not determine the size of the graph /home/optimi/bzfmaris/mosp_instances/tridimensional/road/LKS.xy. Abort.
Could not determine the size of the graph /home/optimi/bzfmaris/mosp_instances/tridimensional/road/LKS.xy. Abort.
Could not determine the size of the graph /home/optimi/bzfmaris/mosp_instances/tridimensional/road/LKS.xy. Abort.
Could not determine the size of the graph /home/optimi/bzfmaris/mosp_instances/tridimensional/road/LKS.xy. Abort.
Could not determine the size of the graph /home/optimi/bzfmaris/mosp_instances/tridimensional/road/LKS.xy. Abort.
Could not determine the size of the graph /home/optimi/bzfmaris/mosp_instances/tridimensional/road/LKS.xy. Abort.
Could not determine the size of the graph /home/optimi/bzfmaris/mosp_instances/tridimensional/road/LKS.xy. Abort.
Could not determine the size of the graph /home/optimi/bzfmaris/mosp_instances/tridimensional/road/LKS.xy. Abort.
Could not determine the size of the graph /home/optimi/bzfmaris/mosp_instances/tridimensional/road/LKS.xy. Abort.
Could not determine the size of the graph /home/optimi/bzfmaris/mosp_instances/tridimensional/road/LKS.xy. Abort.
Could not determine the size of the graph /home/optimi/bzfmaris/mosp_instances/tridimensional/road/LKS.xy. Abort.
Could not determine the size of the graph /home/optimi/bzfmaris/mosp_instances/tridimensional/road/LKS.xy. Abort.
Could not determine the size of the graph /home/optimi/bzfmaris/mosp_instances/tridimensional/road/LKS.xy. Abort.
Could not determine the size of the graph /home/optimi/bzfmaris/mosp_instances/tridimensional/road/LKS.xy. Abort.
Could not determine the size of the graph /home/optimi/bzfmaris/mosp_instances/tridimensional/road/LKS.xy. Abort.
Could not determine the size of the graph /home/optimi/bzfmaris/mosp_instances/tridimensional/road/LKS.xy. Abort.
Could not determine the size of the graph /home/optimi/bzfmaris/mosp_instances/tridimensional/road/LKS.xy. Abort.
Could not determine the size of the graph /home/optimi/bzfmaris/mosp_instances/tridimensional/road/LKS.xy. Abort.
Could not determine the size of the graph /home/optimi/bzfmaris/mosp_instances/tridimensional/road/LKS.xy. Abort.
Could not determine the size of the graph /home/optimi/bzfmaris/mosp_instances/tridimensional/road/LKS.xy. Abort.
Could not determine the size of the graph /home/optimi/bzfmaris/mosp_instances/tridimensional/road/LKS.xy. Abort.
Could not determine the size of the graph /home/optimi/bzfmaris/mosp_instances/tridimensional/road/LKS.xy. Abort.
Could not determine the size of the graph /home/optimi/bzfmaris/mosp_instances/tridimensional/road/LKS.xy. Abort.
Could not determine the size of the graph /home/optimi/bzfmaris/mosp_instances/tridimensional/road/LKS.xy. Abort.
Could not determine the size of the graph /home/optimi/bzfmaris/mosp_instances/tridimensional/road/LKS.xy. Abort.
Could not determine the size of the graph /home/optimi/bzfmaris/mosp_instances/tridimensional/road/LKS.xy. Abort.
Could not determine the size of the graph /home/optimi/bzfmaris/mosp_instances/tridimensional/road/LKS.xy. Abort.
Could not determine the size of the graph /home/optimi/bzfmaris/mosp_instances/tridimensional/road/LKS.xy. Abort.
Could not determine the size of the graph /home/optimi/bzfmaris/mosp_instances/tridimensional/road/LKS.xy. Abort.
Could not determine the size of the graph /home/optimi/bzfmaris/mosp_instances/tridimensional/road/LKS.xy. Abort.
Could not determine the size of the graph /home/optimi/bzfmaris/mosp_instances/tridimensional/road/LKS.xy. Abort.
Could not determine the size of the graph /home/optimi/bzfmaris/mosp_instances/tridimensional/road/LKS.xy. Abort.
Could not determine the size of the graph /home/optimi/bzfmaris/mosp_instances/tridimensional/road/LKS.xy. Abort.
Could not determine the size of the graph /home/optimi/bzfmaris/mosp_instances/tridimensional/road/LKS.xy. Abort.
Could not determine the size of the graph /home/optimi/bzfmaris/mosp_instances/tridimensional/road/LKS.xy. Abort.
Could not determine the size of the graph /home/optimi/bzfmaris/mosp_instances/tridimensional/road/LKS.xy. Abort.
Could not determine the size of the graph /home/optimi/bzfmaris/mosp_instances/tridimensional/road/LKS.xy. Abort.
Could not determine the size of the graph /home/optimi/bzfmaris/mosp_instances/tridimensional/road/LKS.xy. Abort.
Could not determine the size of the graph /home/optimi/bzfmaris/mosp_instances/tridimensional/road/LKS.xy. Abort.
Could not determine the size of the graph /home/optimi/bzfmaris/mosp_instances/tridimensional/road/LKS.xy. Abort.
Could not determine the size of the graph /home/optimi/bzfmaris/mosp_instances/tridimensional/road/LKS.xy. Abort.
Could not determine the size of the graph /home/optimi/bzfmaris/mosp_instances/tridimensional/road/LKS.xy. Abort.
Could not determine the size of the graph /home/optimi/bzfmaris/mosp_instances/tridimensional/road/LKS.xy. Abort.
Could not determine the size of the graph /home/optimi/bzfmaris/mosp_instances/tridimensional/road/LKS.xy. Abort.
Could not determine the size of the graph /home/optimi/bzfmaris/mosp_instances/tridimensional/road/LKS.xy. Abort.
Could not determine the size of the graph /home/optimi/bzfmaris/mosp_instances/tridimensional/road/LKS.xy. Abort.
Could not determine the size of the graph /home/optimi/bzfmaris/mosp_instances/tridimensional/road/LKS.xy. Abort.
Could not determine the size of the graph /home/optimi/bzfmaris/mosp_instances/tridimensional/road/LKS.xy. Abort.
Could not determine the size of the graph /home/optimi/bzfmaris/mosp_instances/tridimensional/road/LKS.xy. Abort.
Could not determine the size of the graph /home/optimi/bzfmaris/mosp_instances/tridimensional/road/LKS.xy. Abort.
Could not determine the size of the graph /home/optimi/bzfmaris/mosp_instances/tridimensional/road/LKS.xy. Abort.
Could not determine the size of the graph /home/optimi/bzfmaris/mosp_instances/tridimensional/road/LKS.xy. Abort.
Could not determine the size of the graph /home/optimi/bzfmaris/mosp_instances/tridimensional/road/LKS.xy. Abort.
Could not determine the size of the graph /home/optimi/bzfmaris/mosp_instances/tridimensional/road/LKS.xy. Abort.
Could not determine the size of the graph /home/optimi/bzfmaris/mosp_instances/tridimensional/road/LKS.xy. Abort.
Could not determine the size of the graph /home/optimi/bzfmaris/mosp_instances/tridimensional/road/LKS.xy. Abort.
Could not determine the size of the graph /home/optimi/bzfmaris/mosp_instances/tridimensional/road/LKS.xy. Abort.
Could not determine the size of the graph /home/optimi/bzfmaris/mosp_instances/tridimensional/road/LKS.xy. Abort.
Could not determine the size of the graph /home/optimi/bzfmaris/mosp_instances/tridimensional/road/LKS.xy. Abort.
Could not determine the size of the graph /home/optimi/bzfmaris/mosp_instances/tridimensional/road/LKS.xy. Abort.
Could not determine the size of the graph /home/optimi/bzfmaris/mosp_instances/tridimensional/road/LKS.xy. Abort.
Could not determine the size of the graph /home/optimi/bzfmaris/mosp_instances/tridimensional/road/LKS.xy. Abort.
Could not determine the size of the graph /home/optimi/bzfmaris/mosp_instances/tridimensional/road/LKS.xy. Abort.
Could not determine the size of the graph /home/optimi/bzfmaris/mosp_instances/tridimensional/road/LKS.xy. Abort.
Could not determine the size of the graph /home/optimi/bzfmaris/mosp_instances/tridimensional/road/LKS.xy. Abort.
Could not determine the size of the graph /home/optimi/bzfmaris/mosp_instances/tridimensional/road/LKS.xy. Abort.
Could not determine the size of the graph /home/optimi/bzfmaris/mosp_instances/tridimensional/road/LKS.xy. Abort.
Could not determine the size of the graph /home/optimi/bzfmaris/mosp_instances/tridimensional/road/LKS.xy. Abort.
Could not determine the size of the graph /home/optimi/bzfmaris/mosp_instances/tridimensional/road/LKS.xy. Abort.
Could not determine the size of the graph /home/optimi/bzfmaris/mosp_instances/tridimensional/road/LKS.xy. Abort.
Could not determine the size of the graph /home/optimi/bzfmaris/mosp_instances/tridimensional/road/LKS.xy. Abort.
Could not determine the size of the graph /home/optimi/bzfmaris/mosp_instances/tridimensional/road/LKS.xy. Abort.
Could not determine the size of the graph /home/optimi/bzfmaris/mosp_instances/tridimensional/road/LKS.xy. Abort.
Could not determine the size of the graph /home/optimi/bzfmaris/mosp_instances/tridimensional/road/LKS.xy. Abort.
Could not determine the size of the graph /home/optimi/bzfmaris/mosp_instances/tridimensional/road/LKS.xy. Abort.
Could not determine the size of the graph /home/optimi/bzfmaris/mosp_instances/tridimensional/road/LKS.xy. Abort.
Could not determine the size of the graph /home/optimi/bzfmaris/mosp_instances/tridimensional/road/LKS.xy. Abort.
Could not determine the size of the graph /home/optimi/bzfmaris/mosp_instances/tridimensional/road/LKS.xy. Abort.
Could not determine the size of the graph /home/optimi/bzfmaris/mosp_instances/tridimensional/road/LKS.xy. Abort.
Could not determine the size of the graph /home/optimi/bzfmaris/mosp_instances/tridimensional/road/LKS.xy. Abort.
Could not determine the size of the graph /home/optimi/bzfmaris/mosp_instances/tridimensional/road/LKS.xy. Abort.
Could not determine the size of the graph /home/optimi/bzfmaris/mosp_instances/tridimensional/road/LKS.xy. Abort.
Could not determine the size of the graph /home/optimi/bzfmaris/mosp_instances/tridimensional/road/LKS.xy. Abort.
Could not determine the size of the graph /home/optimi/bzfmaris/mosp_instances/tridimensional/road/LKS.xy. Abort.
Could not determine the size of the graph /home/optimi/bzfmaris/mosp_instances/tridimensional/road/LKS.xy. Abort.
Could not determine the size of the graph /home/optimi/bzfmaris/mosp_instances/tridimensional/road/LKS.xy. Abort.
Could not determine the size of the graph /home/optimi/bzfmaris/mosp_instances/tridimensional/road/LKS.xy. Abort.
Could not determine the size of the graph /home/optimi/bzfmaris/mosp_instances/tridimensional/road/LKS.xy. Abort.
Could not determine the size of the graph /home/optimi/bzfmaris/mosp_instances/tridimensional/road/LKS.xy. Abort.
Could not determine the size of the graph /home/optimi/bzfmaris/mosp_instances/tridimensional/road/LKS.xy. Abort.
Could not determine the size of the graph /home/optimi/bzfmaris/mosp_instances/tridimensional/road/LKS.xy. Abort.
Could not determine the size of the graph /home/optimi/bzfmaris/mosp_instances/tridimensional/road/LKS.xy. Abort.
Could not determine the size of the graph /home/optimi/bzfmaris/mosp_instances/tridimensional/road/LKS.xy. Abort.
Could not determine the size of the graph /home/optimi/bzfmaris/mosp_instances/tridimensional/road/LKS.xy. Abort.
NAMOA;htc-cmp521;LKS.xy;2758119;6794808;3267;3117;89330;89330;2;0.0340;0.13;369
NAMOA;htc-cmp521;LKS.xy;2758119;6794808;202083;106118;15513020;15513020;156;103.6278;5.96;13305
NAMOA;htc-cmp521;LKS.xy;2758119;6794808;1060171;1051336;30476895;30476895;986;279.4947;15.65;13344
NAMOA;htc-cmp521;LKS.xy;2758119;6794808;58633;42574;37729993;37729993;2455;666.5292;26.84;8093
NAMOA;htc-cmp521;LKS.xy;2758119;6794808;199742;106581;103103523;103103523;3421;1373.5253;39.17;26875
NAMOA;htc-cmp521;LKS.xy;2758119;6794808;1941791;785068;94658534;94658534;2480;1729.5781;35.60;20570
NAMOA;htc-cmp521;LKS.xy;2758119;6794808;379921;293336;100573822;100573822;1891;1784.2836;37.57;20552
NAMOA;htc-cmp521;LKS.xy;2758119;6794808;192542;175992;210082117;210082117;5887;5312.6467;97.59;34755
NAMOA;htc-cmp516;NE.gr;1524453;3868020;30908;28855;376673;376673;34;0.2124;0.44;1989
NAMOA;htc-cmp516;NE.gr;1524453;3868020;973306;971962;1082645;1082645;167;1.4749;2.08;3334
NAMOA;htc-cmp516;NE.gr;1524453;3868020;16478;2119;2083402;2083402;353;2.8581;1.53;2884
NAMOA;htc-cmp516;NE.gr;1524453;3868020;1096890;869646;18639234;18639234;138;133.6165;6.92;8072
NAMOA;htc-cmp516;NE.gr;1524453;3868020;197053;27191;24910598;24910598;794;228.5965;10.76;14969
NAMOA;htc-cmp516;NE.gr;1524453;3868020;96316;69932;52585936;52585936;2647;489.3225;25.95;25729
NAMOA;htc-cmp516;NE.gr;1524453;3868020;468090;403800;58223713;58223713;2881;575.4721;30.00;20277
NAMOA;htc-cmp516;NE.gr;1524453;3868020;58752;44905;78020683;78020683;2795;839.5534;26.07;23135
NAMOA;htc-cmp516;NE.gr;1524453;3868020;1465868;987252;124951417;124951417;5834;1979.4311;33.72;21058
NAMOA;htc-cmp516;NE.gr;1524453;3868020;93717;36933;142774809;142774809;235;2000.2863;51.45;45009
NAMOA;htc-cmp516;NE.gr;1524453;3868020;594977;556355;132387183;132387183;2196;2086.0588;54.57;43676
NAMOA;htc-cmp516;NE.gr;1524453;3868020;58623;17728;222529851;222529851;2275;4011.0678;68.25;37861
NAMOA;htc-cmp516;NE.gr;1524453;3868020;47568;17194;264732329;264732329;3422;4615.7779;89.67;49914
NAMOA;htc-cmp512;NY.gr;264346;730100;1442;432;28756;28756;3;0.0086;0.05;369
NAMOA;htc-cmp512;NY.gr;264346;730100;2994;2514;598;598;1;0.0002;0.01;69
NAMOA;htc-cmp512;NY.gr;264346;730100;35026;15789;94827;94827;10;0.0357;0.13;999
NAMOA;htc-cmp512;NY.gr;264346;730100;78620;73258;262910;262910;43;0.1345;0.16;1158
NAMOA;htc-cmp512;NY.gr;264346;730100;4530;637;9964;9964;4;0.0028;0.03;438
NAMOA;htc-cmp512;NY.gr;264346;730100;25782;25005;494009;494009;29;0.3372;0.98;3208
NAMOA;htc-cmp512;NY.gr;264346;730100;119726;59623;84669;84669;39;0.0332;0.17;669
NAMOA;htc-cmp512;NY.gr;264346;730100;15429;13101;1650048;1650048;57;1.5282;0.93;3463
NAMOA;htc-cmp512;NY.gr;264346;730100;22659;16132;1837741;1837741;28;2.8001;1.53;2108
NAMOA;htc-cmp512;NY.gr;264346;730100;14360;9408;942516;942516;69;0.6686;0.74;4290
NAMOA;htc-cmp512;NY.gr;264346;730100;256350;4976;199575;199575;71;0.0820;0.35;1278
NAMOA;htc-cmp512;NY.gr;264346;730100;181546;162983;1007845;1007845;46;1.0223;0.89;3378
NAMOA;htc-cmp512;NY.gr;264346;730100;48020;38267;695156;695156;110;0.6910;1.36;2600
NAMOA;htc-cmp512;NY.gr;264346;730100;225007;31516;1079050;1079050;275;1.0138;0.75;3637
NAMOA;htc-cmp512;NY.gr;264346;730100;44993;37057;2856810;2856810;138;3.6238;1.94;5920
NAMOA;htc-cmp512;NY.gr;264346;730100;76251;62468;2912659;2912659;101;4.8896;2.24;4579
NAMOA;htc-cmp512;NY.gr;264346;730100;164820;158009;2404746;2404746;117;3.6673;2.86;5105
NAMOA;htc-cmp512;NY.gr;264346;730100;28220;17516;3510422;3510422;116;7.4344;2.73;6146
NAMOA;htc-cmp512;NY.gr;264346;730100;39854;20385;2502932;2502932;240;4.3294;2.64;4791
NAMOA;htc-cmp512;NY.gr;264346;730100;20753;7329;4305063;4305063;352;12.6115;3.83;7521
NAMOA;htc-cmp512;NY.gr;264346;730100;125216;38246;3538137;3538137;769;11.3815;3.99;6483
NAMOA;htc-cmp512;NY.gr;264346;730100;59414;57571;5059681;5059681;33;20.6547;6.17;6333
NAMOA;htc-cmp512;NY.gr;264346;730100;199718;25125;5933315;5933315;161;28.4776;7.48;8860
NAMOA;htc-cmp512;NY.gr;264346;730100;24976;18200;4997094;4997094;156;27.0485;6.96;8066
NAMOA;htc-cmp512;NY.gr;264346;730100;36924;22047;10922732;10922732;30;68.6182;11.84;13414
NAMOA;htc-cmp512;NY.gr;264346;730100;40930;18272;11244027;11244027;273;65.1357;10.35;9827
NAMOA;htc-cmp512;NY.gr;264346;730100;41227;23955;14661874;14661874;367;103.4347;15.66;13345
NAMOA;htc-cmp512;NY.gr;264346;730100;95255;35387;16476847;16476847;151;146.2630;14.88;12707
NAMOA;htc-cmp512;NY.gr;264346;730100;36254;28937;17886650;17886650;53;174.1258;17.14;15434
NAMOA;htc-cmp512;NY.gr;264346;730100;118368;50576;21636621;21636621;619;189.9058;11.10;11439
NAMOA;htc-cmp512;NY.gr;264346;730100;195671;181404;20543519;20543519;235;281.4525;20.81;9221
NAMOA;htc-cmp512;NY.gr;264346;730100;90567;57875;43138606;43138606;895;399.2071;12.62;11198
NAMOA;htc-cmp512;NY.gr;264346;730100;36273;34195;38398176;38398176;876;492.8959;25.67;16911
NAMOA;htc-cmp512;NY.gr;264346;730100;68379;18691;50523081;50523081;3902;544.3336;22.40;16593
NAMOA;htc-cmp512;NY.gr;264346;730100;251637;207422;40541502;40541502;934;445.0191;30.35;16054
NAMOA;htc-cmp512;NY.gr;264346;730100;100381;20097;57675178;57675178;445;675.8275;33.29;25386
NAMOA;htc-cmp512;NY.gr;264346;730100;47197;7429;11951813;11951813;1691;42.2373;8.41;10640
NAMOA;htc-cmp512;NY.gr;264346;730100;67626;25725;40169956;40169956;2644;407.6146;23.21;15267
NAMOA;htc-cmp512;NY.gr;264346;730100;198303;20763;70095008;70095008;1055;1247.2917;44.89;18554
NAMOA;htc-cmp512;NY.gr;264346;730100;45993;12186;83344730;83344730;1534;1288.5287;53.46;23932
NAMOA;htc-cmp512;NY.gr;264346;730100;111193;99774;69318252;69318252;771;1313.6507;38.23;19349
NAMOA;htc-cmp512;NY.gr;264346;730100;222010;63310;53973596;53973596;463;980.6615;52.26;20440
NAMOA;htc-cmp512;NY.gr;264346;730100;121236;41113;19899600;19899600;3889;162.2156;11.71;12298
NAMOA;htc-cmp512;NY.gr;264346;730100;253905;234569;102173316;102173316;434;2032.8727;48.45;24143
NAMOA;htc-cmp512;NY.gr;264346;730100;34162;31976;94564422;94564422;412;2040.5561;50.74;17996
NAMOA;htc-cmp512;NY.gr;264346;730100;62541;24670;109040520;109040520;325;2079.9845;57.31;18969
NAMOA;htc-cmp512;NY.gr;264346;730100;65825;40163;63896587;63896587;2532;903.2541;38.37;17721
NAMOA;htc-cmp512;NY.gr;264346;730100;261554;181287;111221217;111221217;1333;2245.7331;60.34;23703
NAMOA;htc-cmp512;NY.gr;264346;730100;250970;8824;112255088;112255088;391;2296.3906;69.37;26321
NAMOA;htc-cmp512;NY.gr;264346;730100;223401;214992;47279624;47279624;2595;556.6194;30.61;16853
NAMOA;htc-cmp512;NY.gr;264346;730100;138537;3323;144942852;144942852;357;2941.1016;77.70;28646
NAMOA;htc-cmp512;NY.gr;264346;730100;41920;22387;236044189;236044189;3396;5053.5859;86.43;32338
NAMOA;htc-cmp512;NY.gr;264346;730100;10080;4811;153300785;153300785;1204;6985.4857;114.84;29768
NAMOA;htc-cmp512;NY.gr;264346;730100;141878;21616;232788529;232788529;6315;6711.0890;95.96;26223
NAMOA;htc-cmp512;NY.gr;264346;730100;136818;47442;127602118;127602118;3897;2429.5951;66.97;27937
NAMOA;htc-cmp512;NY.gr;264346;730100;240556;161332;254869170;254869170;2965;6955.0864;129.76;30652
